id,name,email,phone,city,created_at
1,Allen Robinson,hoffmanjennifer@example.net,+1-763-679-4026,East Susan,2024-11-08T09:35:46.398319
2,Brent Abbott,lindsay78@example.org,(518)349-5931x0341,Ramirezstad,2024-07-04T08:09:20.806546
3,Michael Miles,lynchgeorge@example.net,527.264.8350,Richardland,2024-08-08T15:25:55.791166
4,Sherri Edwards,pfoster@example.com,(842)738-8496,East William,2024-05-12T22:21:44.639767
5,Brian Burton,ycarlson@example.com,+1-878-448-0184x514,Smithview,2026-02-15T11:15:28.315172
6,Katie Rodriguez,meagan89@example.org,(252)388-0957,Natashaport,2024-08-29T10:32:42.683856
7,Keith Miller,wcabrera@example.net,001-822-778-2489x638,Lammouth,2024-06-03T21:58:10.927814
8,George Chapman,briannasmith@example.net,+1-403-910-5183x4738,Port Thomas,2024-12-29T20:57:43.481564
9,Matthew Gomez,uowens@example.org,+1-610-965-1333x8726,Port Sandra,2025-01-25T05:20:15.870270
10,Krista Williams,novaksara@example.org,(267)873-6026,Saramouth,2024-10-01T21:26:05.224163
11,Monica Logan,smoore@example.org,4982050097,Port Jacobland,2025-07-13T18:05:04.595940
12,Bryan Zamora,bethwilliams@example.org,(799)385-4353x46247,South Christineshire,2026-03-05T03:40:01.271002
13,Daniel Baker,nicole35@example.com,(378)449-8084,Darrellville,2025-08-31T20:16:30.596768
14,Douglas Clark,james48@example.com,801-264-0052x427,North Sierraberg,2025-04-10T01:36:33.441245
15,Lauren Hernandez,bobbydiaz@example.org,(833)215-8692x322,Lake Sandra,2025-09-30T01:00:24.217792
16,Michael Moss,josephcobb@example.org,(707)633-7543x3036,Port Joshuahaven,2024-12-24T11:33:06.520314
17,Ms. Teresa Wilson,gregory40@example.org,+1-265-856-9816x934,New Saraside,2025-07-22T06:13:55.309790
18,Nancy Gonzalez,qjones@example.com,+1-551-848-4656x482,Byrdburgh,2025-05-31T03:29:39.413480
19,Joshua Smith,jason99@example.net,577-673-8721x48951,Port James,2024-03-25T08:47:47.024386
20,John Atkinson,gibsonolivia@example.net,567.463.2016,Williamsbury,2026-01-06T17:13:34.068173
21,Casey Marshall,stephanie79@example.net,968.372.7743x48734,Jimmymouth,2024-10-27T01:34:36.894530
22,Brenda Hall,jasminebrown@example.com,787-660-3669x09670,Castanedachester,2025-04-04T16:24:24.723692
23,Rebecca Hurst,brobinson@example.com,2658627298,North Dawnberg,2025-11-30T17:48:14.759515
24,David Murphy,wmurphy@example.com,264-517-0805x310,Port Andrew,2024-06-26T20:04:34.913983
25,Michael Elliott,stevenscott@example.com,(699)812-4190,Davidborough,2024-05-02T00:54:57.576447
26,Lori Garcia,melissa91@example.net,8589651850,South Susanmouth,2025-08-06T04:46:40.279902
27,Nicholas Sheppard,christina87@example.com,(294)953-1473x79965,Hunterborough,2024-11-21T17:12:11.567656
28,Douglas Carlson,angela83@example.org,367.683.7770,South Heather,2024-10-17T04:50:21.708847
29,Kara Schmidt,jbarajas@example.com,(574)544-3135x182,Hillshire,2026-02-18T21:59:15.993733
30,Diane Garcia,kennethward@example.com,9823400842,New Justinfort,2025-01-23T06:40:11.158031
31,Anthony Everett,ewilson@example.com,519.802.2941x3186,Kerrport,2025-11-25T20:36:40.778954
32,Elizabeth Oliver DDS,mezajared@example.org,912-632-8120x679,East Keithport,2025-08-03T01:01:21.564096
33,Michael Bradshaw,ronaldstephens@example.net,(642)910-2499,South Haleyfurt,2026-01-25T03:07:46.525264
34,Katherine Miller,prestonjessica@example.net,901-639-9049x027,New Ryan,2025-10-23T07:32:01.508405
35,Julie Ortiz,elizabeth25@example.com,001-874-268-0715x451,Gutierrezborough,2025-03-21T05:36:46.079767
36,Kathleen Ramos,harrisandrea@example.com,371.509.3248x086,South Staceyberg,2025-03-06T13:51:44.461823
37,Katrina Hill,pbaird@example.com,+1-826-739-8214,Loriport,2025-08-19T21:21:34.361752
38,Lauren Keller,seanwashington@example.com,+1-586-875-3396,West Juliefurt,2024-12-14T13:07:46.535135
39,Samantha Pollard,ihanna@example.net,001-851-471-8702,South Kimberlyview,2024-11-09T20:04:30.965590
40,Marie Christian,ofinley@example.net,001-478-609-1343x161,North Markton,2024-10-07T19:45:54.914083
41,Charles Schmidt,georgemiller@example.com,+1-637-492-3747x407,South Sierrashire,2024-10-12T01:12:39.325754
42,Melissa Bryant,james67@example.org,669.259.4406,New Julieport,2025-09-25T04:30:02.595451
43,Robert Robinson,christinebyrd@example.net,001-421-504-7095x214,Port Amber,2026-02-15T04:16:16.482074
44,Susan Rivas,robin74@example.net,317-912-3685x16048,Emilyview,2025-05-08T12:48:32.976806
45,Teresa Rodriguez,thomasharvey@example.net,393-517-4612x00471,South Shawn,2025-07-10T07:13:29.199786
46,Theresa Barnes,nicolepena@example.com,+1-764-205-3773x515,Hillville,2026-01-29T18:11:01.812680
47,Anna Lewis,williamsmatthew@example.org,001-431-283-9335,Micheleberg,2026-02-26T21:26:12.873350
48,Rebecca Rodriguez,andersonmichael@example.org,001-350-324-0268,Weststad,2025-03-17T10:25:25.466905
49,Jonathan Dougherty,acostaregina@example.net,447.300.7661x77115,West Claudia,2025-05-09T02:54:53.880471
50,Jane Harper,shawn96@example.org,001-318-736-7365x766,Edwardsview,2024-12-05T22:38:53.162170
51,Thomas Jones,daviscolin@example.net,(228)609-8851x656,Michaelshire,2025-03-13T04:17:43.575514
52,John Boone,megan51@example.com,001-636-289-9809,West Jacqueline,2024-10-19T05:33:12.506895
53,Aaron Kane,vjones@example.net,7186366752,Kimberlyshire,2025-05-17T01:17:28.352800
54,Brittney Webster,craigjoseph@example.net,(979)676-4381x56149,East Randallton,2024-03-13T03:20:54.680704
55,Daniel Taylor,keith10@example.com,001-862-226-8388x516,Morsemouth,2025-05-02T02:30:55.669908
56,Michelle Butler,sullivantammy@example.org,+1-875-616-1369x681,Jeffreyburgh,2024-05-02T07:37:43.701521
57,Kerry Lee,michael23@example.org,(943)929-2127,Michellemouth,2024-06-25T19:05:41.726015
58,Jeremy Turner,brittany58@example.org,977-200-5411x9986,Stoutshire,2025-06-26T16:17:00.942516
59,John Hernandez,hayeslisa@example.com,001-718-720-3778x892,Paulmouth,2025-07-16T10:41:28.277401
60,Mark Cook,cody64@example.com,001-692-851-9254x629,Lisahaven,2024-05-14T18:57:17.094011
61,Katie Smith,henry35@example.com,232.721.4188,New Nicholas,2024-07-04T01:01:20.877223
62,Patricia Lamb,jenniferwilliams@example.com,+1-937-994-7383x4735,Kimberlyhaven,2025-03-27T19:45:14.590190
63,Ruth Solis,moniquewilliams@example.com,(881)381-4124x782,Port Shannon,2024-11-17T21:20:24.040721
64,Anthony Shaw,paulmiller@example.org,4519522047,Gilbertland,2024-03-21T09:44:57.158220
65,Chase Bentley,srodriguez@example.org,510-436-9711x7980,Rubenstad,2024-08-30T06:02:20.350118
66,Matthew Miller,carlos88@example.net,380.767.0654x05153,North Michael,2024-11-09T19:49:48.899801
67,Sandra Cohen,zwelch@example.org,670-843-0305,Kingborough,2024-10-02T12:32:27.995288
68,Amber Rios,david56@example.com,001-876-452-7758x416,Manuelland,2024-11-02T01:30:59.764017
69,Jeremy Robbins,hannahbell@example.org,001-959-264-0165x820,North Joel,2025-06-21T19:16:05.090898
70,Travis Johnson,erikarush@example.com,419.928.5654x310,Mcintyreville,2024-09-14T17:55:30.948058
71,Jeremy Davies,heather73@example.org,(617)627-1551,Lake Jenna,2025-08-01T00:29:24.405315
72,Isaiah Walker,laurayoung@example.com,3583957829,Raymondfort,2025-03-26T12:49:33.991654
73,Samantha Jones,dawn77@example.net,452.489.2268x01824,Sarahbury,2024-11-15T06:53:34.118737
74,Stephanie Singleton,james84@example.org,+1-749-281-8299x2299,North Brandonshire,2024-09-16T20:24:09.228656
75,Kenneth Montgomery,jimenezcourtney@example.com,+1-947-536-4710x2767,Catherinemouth,2025-11-26T19:43:30.275085
76,William Reed,xanderson@example.net,+1-415-337-1473,West Soniachester,2024-09-04T21:08:15.389270
77,Caitlin Murphy,james27@example.net,774.270.1687x339,West Troyfort,2024-10-02T06:11:08.471123
78,Brian Anderson,jessica65@example.org,(609)383-5841x6878,North Phillip,2025-10-09T04:20:19.966298
79,Todd Fischer,carriemorales@example.org,4027578729,Franciscoport,2025-05-15T05:28:40.428876
80,Katrina Burns,thomas05@example.com,+1-916-494-0974x9930,Hernandezbury,2024-03-30T14:03:40.709842
81,Ashley Smith,robert63@example.com,997.702.8385x78652,Ericaview,2025-05-27T04:09:07.154656
82,David Grant,shellyhendrix@example.com,001-837-857-5844x198,Stephanieberg,2024-10-05T16:39:31.318882
83,Miguel Reed,vdouglas@example.com,538.548.4219,Lake Rebeccabury,2025-06-16T12:43:12.971378
84,Jason Love,maldonadoderrick@example.net,(367)573-4540,East Robertburgh,2026-01-18T17:39:54.532894
85,Russell French,sharonhayden@example.com,9044991547,Nelsonville,2024-11-04T01:58:37.486238
86,Mariah Higgins,doylekrystal@example.net,+1-732-596-6851x6122,West Patrickmouth,2025-09-09T03:04:55.337023
87,Elizabeth Sharp,greenmichael@example.org,6177426841,East Susan,2025-02-19T19:50:15.939846
88,William Brooks,ztodd@example.net,339.218.7851,New Amanda,2024-07-05T17:10:07.224945
89,Jessica Frazier,gdavis@example.com,9726867908,South Jonathantown,2025-09-03T07:40:06.344680
90,Amber Cooper,weaverbrian@example.org,404.762.2656x7661,East Victoriafurt,2025-03-28T19:59:44.811920
91,Courtney Smith,goodsteven@example.net,+1-668-563-3752,North Lisachester,2025-05-30T17:07:14.620330
92,Stacy Allen,garciaarthur@example.net,+1-703-706-7383x0284,West Nancy,2026-02-25T13:19:25.172349
93,Jennifer Hill,conniesimmons@example.com,8564856624,Allenbury,2024-10-13T04:56:55.547008
94,Renee Melendez,jfaulkner@example.net,(363)543-5175,West Nicholaston,2025-12-05T16:28:36.345507
95,Philip Ramsey,timothybooth@example.com,603-831-7393x6385,Fergusonstad,2024-10-18T19:41:37.203519
96,Stephen Owens,ugill@example.org,(856)609-3204x899,East Mark,2024-12-09T23:45:02.987612
97,Kathryn Pena,jonathan77@example.com,(252)328-7280,Port Adamberg,2025-11-12T23:40:18.394104
98,Michael Smith,nbrooks@example.net,+1-697-270-0886x0084,Drakeburgh,2024-05-24T16:44:34.375950
99,Chase Lee,lisa46@example.org,(867)993-3410x166,Lake Albertburgh,2024-05-06T22:11:44.277559
100,Maria Rivera,jacobsonsamantha@example.org,297.440.1489,Alexisborough,2025-05-10T08:13:02.718125
101,Michelle Sanders,evansanne@example.net,(785)862-1850x1631,Anthonyview,2025-09-30T21:22:19.530195
102,Darren Tran,rreynolds@example.net,+1-761-394-3114x2626,North Sherrymouth,2024-11-25T10:28:58.891114
103,Casey Lopez,ghawkins@example.com,801-258-1995,Robertland,2025-08-19T00:11:47.654862
104,Wendy Sanchez,ginajackson@example.com,647-521-2646x4715,Wheelerborough,2025-02-04T23:35:33.348268
105,Adam Foster,vbrock@example.com,969-524-5937x52654,Nicholasfurt,2024-11-29T03:51:33.898959
106,Christina Osborn,erinpierce@example.net,837.841.6724x342,South Vickifort,2025-05-06T20:12:17.603978
107,Tammy Kane,ystephens@example.com,001-789-811-3529x096,North Coreybury,2025-03-15T13:30:46.607443
108,Lauren Johnston,dbrooks@example.net,001-382-350-7146,West Larry,2025-02-03T03:15:19.524015
109,John Alvarez,cbowen@example.com,440-410-5123,Anitamouth,2024-08-23T21:21:44.599595
110,Cody Davidson,vfoster@example.net,379.366.0334,West Mark,2025-02-04T18:08:11.760498
111,Scott Rose,candice96@example.net,355-479-2499,Davidport,2024-05-31T22:52:27.376189
112,Charles Price,baileyhenderson@example.com,+1-782-282-7422x5790,Taylorfurt,2026-02-09T13:58:16.247575
113,Kathleen Cohen,cmckinney@example.com,(619)403-4043,Cunninghamfort,2025-04-13T02:07:04.155509
114,Brian Hampton,amber07@example.net,361.934.0745,Port Lisaborough,2025-10-20T17:25:59.219568
115,Heather Page,imartin@example.org,709.658.4982,Ashleyhaven,2026-02-25T09:41:24.371127
116,Anna Estes,rsellers@example.net,(623)825-3672,Hayesland,2024-12-26T19:10:07.000963
117,Melissa Wiley,uclements@example.net,5179518636,Marcusport,2024-11-09T05:56:36.528727
118,Kylie Washington,patricia00@example.org,+1-670-312-7706x3242,Johnstad,2025-07-05T22:25:54.262852
119,Amber Garrett,rubendavis@example.org,2372129387,Lisachester,2025-07-27T12:00:02.156452
120,Darryl Davis,garciamichael@example.com,(462)921-8909,Jenniferberg,2026-01-08T11:43:28.079362
121,Jessica Robinson,taylordavid@example.net,(656)252-3413x8999,Jamiehaven,2024-07-23T07:50:33.064038
122,Matthew Bowers,troyrodriguez@example.com,+1-491-980-5526x9658,North Brendatown,2024-09-15T01:05:19.148980
123,Antonio Mccormick,courtney86@example.com,001-561-488-9241x418,Peterland,2024-10-20T02:19:29.636775
124,Troy Allen,christopherhamilton@example.com,+1-690-442-1020x275,Davidview,2025-08-24T22:03:41.461327
125,Steven Rogers,enelson@example.com,001-491-677-8507x925,New Emilyville,2024-08-21T08:51:32.165359
126,Amanda Roy,brandoncox@example.org,(608)363-5365,Davidton,2024-07-16T12:45:40.629269
127,Vicki Finley,wileymichelle@example.com,918-570-5349x49375,East Adam,2025-01-01T01:08:18.520084
128,Gregory Franco,tapiaaaron@example.net,(541)838-3670x2410,Stephenland,2025-05-05T18:22:26.729334
129,Mandy Foster,grahamtamara@example.org,345-465-5743x1329,East Shannonmouth,2024-12-29T11:21:54.562571
130,Traci Clark,steven11@example.org,+1-649-403-5213x5680,South Melissaside,2025-09-04T23:32:04.131710
131,Joel Lara,davidbrown@example.org,(236)351-9941,Lake Scott,2024-06-09T14:29:37.821459
132,Sandra Rivera,dunlapbrent@example.net,(267)506-6253x24472,Victorside,2025-02-20T10:43:21.185174
133,James Barnes,crystalpham@example.org,(757)587-5985x6420,Port Kimberlyton,2025-10-19T05:30:50.238569
134,Hunter Silva,terrigarcia@example.net,448.503.9652,Lindastad,2026-01-04T04:02:27.399126
135,Michael Meza,annalopez@example.com,+1-542-270-1039,Smithborough,2025-10-17T14:47:46.012469
136,Christopher Lang,brian29@example.net,(718)651-5691,Derekburgh,2025-08-24T11:49:35.050781
137,Mark Freeman,grant89@example.com,892.264.4220,New Lucas,2025-10-19T08:11:49.262999
138,Margaret Garcia,vtaylor@example.org,555.521.5704,West Jonathanville,2025-08-15T18:31:38.814466
139,Jeffrey Barnes,nicolesnyder@example.com,(286)717-9327x104,Stephanieland,2024-11-12T04:59:58.332644
140,Candace Jones,morgantricia@example.com,001-806-629-6201x533,Kennethville,2024-04-12T18:46:01.144418
141,Sara Hernandez,adam14@example.net,+1-897-931-0324x1714,Jacobsonview,2024-05-13T02:21:00.769462
142,Cathy Mcclure,jacob04@example.com,543.249.0211x586,Cardenaschester,2026-02-10T21:30:13.063896
143,Taylor Armstrong,thomasmiller@example.net,4894899217,Port James,2024-04-07T16:45:20.259704
144,Michael Harris,maryscott@example.net,916-286-8548,Rodriguezberg,2024-06-23T18:44:56.222531
145,Olivia Ayers,hartcraig@example.com,+1-256-446-7997,Richardfurt,2024-04-04T20:29:56.277879
146,Erin Young,xmccall@example.org,344-547-1324x75469,Lewischester,2025-08-30T18:28:14.820184
147,Sharon Nicholson,cameronmckinney@example.com,(289)902-3303,West Janetview,2024-12-01T14:21:05.067136
148,James Leblanc,allentracy@example.com,(679)285-5241,Williamsshire,2025-09-28T04:11:23.399147
149,Daniel Perez,josephortiz@example.org,001-707-922-9034x944,Jefferyport,2025-07-15T04:51:36.654658
150,Jennifer Garcia,anna99@example.com,517-215-4544x4328,Guerreroberg,2025-08-16T09:46:22.895332
